Analysis,,
,Happiness,Healthy Life expectancy
Average,5.398907143,63.44098148
Stdev,1.109749884,7.595596622
Median,5.302,65.20911026
Mode,7.284,#N/A